{
  "train_loss": [
    0.480686,
    0.431159,
    0.413945,
    0.40376,
    0.395085,
    0.388702,
    0.382554,
    0.377388,
    0.371978,
    0.367297,
    0.36301,
    0.359214,
    0.355609,
    0.352089,
    0.347634,
    0.34371,
    0.341194,
    0.3377,
    0.333612,
    0.33049,
    0.327377,
    0.324638,
    0.321973,
    0.318977,
    0.315764,
    0.312895,
    0.310237,
    0.30806,
    0.28971,
    0.28662
  ],
  "train_acc": [
    0.7692,
    0.801,
    0.8118,
    0.8171,
    0.8213,
    0.8244,
    0.8277,
    0.8307,
    0.8332,
    0.8355,
    0.8382,
    0.8397,
    0.841,
    0.8435,
    0.8457,
    0.8472,
    0.8489,
    0.85,
    0.8521,
    0.8531,
    0.8552,
    0.8565,
    0.8577,
    0.8593,
    0.8611,
    0.8618,
    0.8628,
    0.8642,
    0.8727,
    0.8741
  ],
  "val_loss": [
    0.439776,
    0.413378,
    0.472447,
    0.397955,
    0.402323,
    0.387895,
    0.382981,
    0.636911,
    0.450355,
    0.381778,
    0.395411,
    0.539445,
    0.380598,
    0.381742,
    0.398418,
    0.36111,
    0.364424,
    0.370292,
    0.360671,
    0.366461,
    0.359673,
    0.450634,
    0.462184,
    0.357884,
    0.373241,
    0.413268,
    0.508303,
    0.378473,
    0.366889,
    0.384078
  ],
  "val_acc": [
    0.7917,
    0.8133,
    0.7781,
    0.8186,
    0.8121,
    0.8235,
    0.827,
    0.7105,
    0.791,
    0.8261,
    0.8157,
    0.7231,
    0.8308,
    0.8237,
    0.8171,
    0.8404,
    0.8396,
    0.8362,
    0.841,
    0.8373,
    0.8412,
    0.7895,
    0.7775,
    0.8444,
    0.835,
    0.8187,
    0.7729,
    0.8357,
    0.8464,
    0.8272
  ]
}