{
  "train_loss": [
    0.124497,
    0.092011,
    0.081909,
    0.075128,
    0.069071,
    0.059846,
    0.057213,
    0.053509
  ],
  "train_acc": [
    0.9631,
    0.9724,
    0.9744,
    0.9761,
    0.9771,
    0.9793,
    0.98,
    0.9807
  ],
  "val_loss": [
    0.093636,
    0.212137,
    0.123092,
    0.414943,
    0.162086,
    0.209517,
    0.854657,
    0.248556
  ],
  "val_acc": [
    0.9741,
    0.9346,
    0.9763,
    0.734,
    0.935,
    0.8677,
    0.6547,
    0.8107
  ]
}