{
  "train_loss": [
    0.088461,
    0.042554,
    0.033358,
    0.027623,
    0.024212,
    0.021497,
    0.018952,
    0.016786,
    0.015407,
    0.013648,
    0.008521,
    0.007298,
    0.006751,
    0.006196,
    0.005484,
    0.00505,
    0.00487,
    0.004627,
    0.002469,
    0.00211,
    0.001895
  ],
  "train_acc": [
    0.9717,
    0.9859,
    0.9888,
    0.9909,
    0.9921,
    0.9929,
    0.9935,
    0.9944,
    0.9948,
    0.9953,
    0.9972,
    0.9975,
    0.9978,
    0.9979,
    0.9981,
    0.9983,
    0.9984,
    0.9985,
    0.9992,
    0.9993,
    0.9994
  ],
  "val_loss": [
    0.275246,
    0.030865,
    0.043288,
    0.023418,
    0.02727,
    0.02008,
    0.037816,
    0.020922,
    0.059831,
    0.048352,
    0.013767,
    0.012501,
    0.010961,
    0.010374,
    0.011191,
    0.014695,
    0.020849,
    0.025573,
    0.011379,
    0.0111,
    0.011437
  ],
  "val_acc": [
    0.8565,
    0.9897,
    0.9845,
    0.992,
    0.9905,
    0.9931,
    0.9859,
    0.9932,
    0.9805,
    0.9901,
    0.9955,
    0.9962,
    0.9965,
    0.9967,
    0.9965,
    0.9956,
    0.9935,
    0.9922,
    0.9971,
    0.9971,
    0.9972
  ]
}