{
  "train_loss": [
    0.444839,
    0.381631,
    0.352551,
    0.333329,
    0.320578,
    0.31168,
    0.302816,
    0.291155,
    0.282132,
    0.275419,
    0.270367,
    0.265216,
    0.259067,
    0.254378,
    0.250566,
    0.245311,
    0.242305,
    0.236959,
    0.232583,
    0.228988,
    0.204308,
    0.195416,
    0.189321
  ],
  "train_acc": [
    0.7936,
    0.8322,
    0.8483,
    0.8587,
    0.8653,
    0.8694,
    0.8736,
    0.8806,
    0.8847,
    0.888,
    0.8895,
    0.892,
    0.8941,
    0.8962,
    0.8984,
    0.8997,
    0.9013,
    0.9032,
    0.9051,
    0.9067,
    0.9166,
    0.9205,
    0.9227
  ],
  "val_loss": [
    0.395631,
    0.362437,
    0.344529,
    0.34167,
    0.327919,
    0.310429,
    0.299804,
    0.299789,
    0.289067,
    0.288923,
    0.285084,
    0.286887,
    0.285699,
    0.285449,
    0.284725,
    0.284119,
    0.287155,
    0.28614,
    0.290056,
    0.288156,
    0.304142,
    0.307318,
    0.334157
  ],
  "val_acc": [
    0.825,
    0.8429,
    0.854,
    0.8553,
    0.8609,
    0.8686,
    0.8734,
    0.8774,
    0.8805,
    0.8826,
    0.885,
    0.8832,
    0.884,
    0.8847,
    0.884,
    0.886,
    0.884,
    0.8868,
    0.885,
    0.8847,
    0.8868,
    0.8861,
    0.8837
  ]
}