{
  "train_loss": [
    0.602651,
    0.586483,
    0.57172,
    0.556522,
    0.543927,
    0.533469,
    0.526076,
    0.518613,
    0.512962,
    0.508681,
    0.50386,
    0.500529,
    0.497142,
    0.493954,
    0.491725,
    0.488511,
    0.486655,
    0.484546,
    0.482665,
    0.480827,
    0.479284,
    0.477441,
    0.476511,
    0.475156,
    0.474047,
    0.473016,
    0.471279,
    0.470384,
    0.468504,
    0.468114
  ],
  "train_acc": [
    0.6589,
    0.674,
    0.6938,
    0.7092,
    0.72,
    0.7302,
    0.7353,
    0.7413,
    0.7461,
    0.749,
    0.7526,
    0.755,
    0.7573,
    0.7602,
    0.7611,
    0.7631,
    0.7648,
    0.7662,
    0.7674,
    0.7681,
    0.7699,
    0.7712,
    0.7718,
    0.7724,
    0.7735,
    0.7738,
    0.7759,
    0.776,
    0.7775,
    0.7781
  ],
  "val_loss": [
    0.588556,
    0.577182,
    0.569003,
    0.541436,
    0.532828,
    0.5178,
    0.508488,
    0.502329,
    0.494619,
    0.494698,
    0.492294,
    0.487921,
    0.478023,
    0.477924,
    0.475633,
    0.473731,
    0.472806,
    0.470982,
    0.469866,
    0.465061,
    0.463427,
    0.464144,
    0.46099,
    0.460266,
    0.462283,
    0.464225,
    0.458403,
    0.460351,
    0.458437,
    0.459353
  ],
  "val_acc": [
    0.6667,
    0.6856,
    0.6969,
    0.7225,
    0.7298,
    0.7408,
    0.7474,
    0.7536,
    0.7577,
    0.7577,
    0.7602,
    0.7656,
    0.7699,
    0.7694,
    0.7688,
    0.7723,
    0.7724,
    0.7747,
    0.7741,
    0.7783,
    0.7798,
    0.7812,
    0.7798,
    0.782,
    0.7812,
    0.7804,
    0.7839,
    0.7828,
    0.7822,
    0.7815
  ]
}