{
  "train_loss": [
    0.183576,
    0.149923,
    0.142075,
    0.136897,
    0.132659,
    0.128724,
    0.125989,
    0.123304,
    0.120888,
    0.117379,
    0.115882,
    0.113598,
    0.111853,
    0.109838,
    0.10806,
    0.105526,
    0.102832,
    0.10091,
    0.099608,
    0.097969,
    0.095939,
    0.094684,
    0.092725,
    0.091804,
    0.090422,
    0.089123,
    0.087978,
    0.086722,
    0.085966,
    0.084917,
    0.084572,
    0.083552,
    0.082653,
    0.08207,
    0.081459,
    0.080918,
    0.079646,
    0.079494,
    0.079124,
    0.078379,
    0.077936,
    0.077623,
    0.076923,
    0.075967,
    0.072625,
    0.071346,
    0.070812,
    0.071028,
    0.070396,
    0.070023
  ],
  "train_acc": [
    0.9396,
    0.9523,
    0.9549,
    0.9568,
    0.9587,
    0.96,
    0.961,
    0.9619,
    0.9628,
    0.964,
    0.9646,
    0.9653,
    0.9661,
    0.9665,
    0.9667,
    0.9672,
    0.9677,
    0.9681,
    0.9679,
    0.9683,
    0.9685,
    0.9687,
    0.969,
    0.9695,
    0.9698,
    0.9701,
    0.9706,
    0.9706,
    0.9706,
    0.9711,
    0.9712,
    0.9715,
    0.9717,
    0.9721,
    0.9721,
    0.9722,
    0.9726,
    0.9727,
    0.9729,
    0.9733,
    0.9733,
    0.9732,
    0.9736,
    0.974,
    0.9747,
    0.9752,
    0.9752,
    0.9754,
    0.9753,
    0.9756
  ],
  "val_loss": [
    0.149042,
    0.146151,
    0.126109,
    0.11897,
    0.122521,
    0.117036,
    0.120308,
    0.112593,
    0.105788,
    0.106349,
    0.102689,
    0.1039,
    0.098711,
    0.096037,
    0.09365,
    0.095556,
    0.092217,
    0.090864,
    0.086855,
    0.095963,
    0.083901,
    0.080868,
    0.084225,
    0.080739,
    0.07809,
    0.07543,
    0.076935,
    0.074878,
    0.075367,
    0.074706,
    0.072076,
    0.072513,
    0.071607,
    0.071564,
    0.074194,
    0.075185,
    0.070741,
    0.069028,
    0.067952,
    0.067435,
    0.068015,
    0.068575,
    0.069113,
    0.069028,
    0.06573,
    0.065472,
    0.064483,
    0.065049,
    0.064626,
    0.063748
  ],
  "val_acc": [
    0.9522,
    0.953,
    0.9609,
    0.9626,
    0.963,
    0.9639,
    0.9634,
    0.9656,
    0.9674,
    0.9674,
    0.9687,
    0.9689,
    0.9702,
    0.971,
    0.9706,
    0.9706,
    0.9704,
    0.9714,
    0.9718,
    0.9707,
    0.9722,
    0.9725,
    0.9724,
    0.974,
    0.9743,
    0.9742,
    0.9743,
    0.9741,
    0.9743,
    0.9749,
    0.9757,
    0.9755,
    0.9758,
    0.9751,
    0.9747,
    0.9749,
    0.9764,
    0.9767,
    0.9767,
    0.9765,
    0.9763,
    0.9766,
    0.9759,
    0.9764,
    0.9774,
    0.9775,
    0.9774,
    0.9773,
    0.9783,
    0.978
  ]
}