{
  "train_loss": [
    0.487041,
    0.424541,
    0.389804,
    0.363408,
    0.347906,
    0.338566,
    0.330555,
    0.324682,
    0.31986,
    0.315259,
    0.311068,
    0.307315,
    0.303339,
    0.300431,
    0.297709,
    0.295099,
    0.292015,
    0.288576,
    0.285475,
    0.283014,
    0.28019,
    0.277019,
    0.27401,
    0.257304,
    0.252028,
    0.248581
  ],
  "train_acc": [
    0.7667,
    0.8092,
    0.8296,
    0.8449,
    0.853,
    0.8579,
    0.8616,
    0.864,
    0.8669,
    0.8687,
    0.8707,
    0.8727,
    0.874,
    0.875,
    0.8764,
    0.8774,
    0.8786,
    0.8801,
    0.8814,
    0.8831,
    0.883,
    0.8846,
    0.8854,
    0.8931,
    0.8953,
    0.896
  ],
  "val_loss": [
    0.449532,
    0.43579,
    0.372221,
    0.343971,
    0.3381,
    0.344372,
    0.324685,
    0.397693,
    0.323947,
    0.32914,
    0.313448,
    0.312377,
    0.334735,
    0.31354,
    0.311312,
    0.310358,
    0.323843,
    0.339749,
    0.30459,
    0.308235,
    0.317674,
    0.322805,
    0.321947,
    0.310482,
    0.318876,
    0.319388
  ],
  "val_acc": [
    0.7891,
    0.7973,
    0.8399,
    0.8533,
    0.8573,
    0.8563,
    0.8641,
    0.8347,
    0.8654,
    0.8625,
    0.8685,
    0.8697,
    0.8643,
    0.8716,
    0.8714,
    0.8699,
    0.8664,
    0.8563,
    0.875,
    0.873,
    0.8699,
    0.8666,
    0.8716,
    0.8759,
    0.8747,
    0.8753
  ]
}