{
  "train_loss": [
    0.110072,
    0.07425,
    0.064171,
    0.057853,
    0.043166,
    0.034995,
    0.031967,
    0.025657,
    0.023581,
    0.022719,
    0.021398,
    0.02049,
    0.017169,
    0.016619,
    0.015994,
    0.015327,
    0.014904,
    0.014243,
    0.013931,
    0.013252,
    0.011574,
    0.011059,
    0.01062,
    0.010155,
    0.010064,
    0.009268,
    0.009042,
    0.008769,
    0.00848,
    0.008341,
    0.007795,
    0.007738,
    0.007605,
    0.007707,
    0.007483,
    0.007398,
    0.007326,
    0.007192,
    0.007104,
    0.006921,
    0.006934
  ],
  "train_acc": [
    0.9654,
    0.9753,
    0.978,
    0.9797,
    0.9855,
    0.9889,
    0.9899,
    0.9919,
    0.9925,
    0.9929,
    0.9933,
    0.9936,
    0.9946,
    0.9949,
    0.9951,
    0.9953,
    0.9955,
    0.9955,
    0.9958,
    0.996,
    0.9965,
    0.9967,
    0.9967,
    0.9969,
    0.997,
    0.9972,
    0.9974,
    0.9974,
    0.9974,
    0.9975,
    0.9977,
    0.9977,
    0.9978,
    0.9977,
    0.9978,
    0.9978,
    0.9978,
    0.9979,
    0.9979,
    0.998,
    0.998
  ],
  "val_loss": [
    0.305614,
    0.189369,
    0.065414,
    0.150533,
    0.087337,
    0.106173,
    0.163713,
    0.023674,
    0.064058,
    0.047805,
    0.040547,
    0.028302,
    0.029813,
    0.01932,
    0.136999,
    0.017532,
    0.041185,
    0.021269,
    0.022675,
    0.194295,
    0.015053,
    0.017823,
    0.015935,
    0.01616,
    0.023779,
    0.014084,
    0.014211,
    0.015063,
    0.014692,
    0.01624,
    0.013836,
    0.014952,
    0.013926,
    0.013322,
    0.013702,
    0.01347,
    0.013766,
    0.013461,
    0.013541,
    0.013276,
    0.013455
  ],
  "val_acc": [
    0.903,
    0.9607,
    0.9793,
    0.9353,
    0.969,
    0.9776,
    0.9681,
    0.9927,
    0.9781,
    0.982,
    0.9868,
    0.9912,
    0.9905,
    0.9942,
    0.9451,
    0.9944,
    0.9904,
    0.9932,
    0.9934,
    0.984,
    0.9955,
    0.9946,
    0.995,
    0.9951,
    0.9919,
    0.9956,
    0.9958,
    0.9954,
    0.9956,
    0.9958,
    0.9959,
    0.9954,
    0.9961,
    0.9958,
    0.9957,
    0.996,
    0.9958,
    0.996,
    0.996,
    0.996,
    0.996
  ]
}