{
  "train_loss": [
    0.272999,
    0.063995,
    0.016714,
    0.007555,
    0.005153,
    0.00753,
    0.001987,
    0.001894,
    0.001444,
    0.002195,
    0.001794,
    0.000608,
    0.00081,
    0.000523,
    0.000828,
    0.000541,
    0.000494
  ],
  "train_acc": [
    0.9392,
    0.9851,
    0.9977,
    1.0,
    0.9977,
    0.9977,
    1.0,
    1.0,
    1.0,
    1.0,
    1.0,
    1.0,
    1.0,
    1.0,
    1.0,
    1.0,
    1.0
  ],
  "val_loss": [
    1.256526,
    2.424335,
    3.457013,
    3.966072,
    2.822155,
    0.076372,
    0.029764,
    0.035981,
    0.028985,
    0.009472,
    0.020028,
    0.041845,
    0.03289,
    0.027652,
    0.028882,
    0.025614,
    0.025314
  ],
  "val_acc": [
    0.5,
    0.5,
    0.5,
    0.5,
    0.5,
    0.9734,
    0.9947,
    0.9947,
    0.9947,
    1.0,
    0.9947,
    0.9947,
    0.9947,
    0.9947,
    0.9947,
    0.9947,
    0.9947
  ]
}