{
  "train_loss": [
    0.254072,
    0.088191,
    0.04759,
    0.033445,
    0.020388,
    0.016302,
    0.015587,
    0.01303,
    0.011238,
    0.011296,
    0.009714,
    0.008768,
    0.008274,
    0.007069,
    0.0057,
    0.006349,
    0.005427,
    0.005032,
    0.006095
  ],
  "train_acc": [
    0.9392,
    0.9862,
    1.0,
    0.9989,
    1.0,
    1.0,
    1.0,
    1.0,
    1.0,
    0.9989,
    1.0,
    1.0,
    1.0,
    1.0,
    1.0,
    1.0,
    1.0,
    1.0,
    1.0
  ],
  "val_loss": [
    0.85027,
    1.394886,
    1.621674,
    1.90149,
    1.368261,
    0.05378,
    0.033165,
    0.029695,
    0.028285,
    0.029615,
    0.032249,
    0.027704,
    0.031082,
    0.029835,
    0.03006,
    0.03095,
    0.032996,
    0.031997,
    0.031478
  ],
  "val_acc": [
    0.5,
    0.5,
    0.5,
    0.5,
    0.5,
    0.9894,
    0.9947,
    0.9947,
    0.9947,
    0.9947,
    0.9947,
    0.9947,
    0.9947,
    0.9947,
    0.9947,
    0.9947,
    0.9947,
    0.9947,
    0.9947
  ]
}