{
  "train_loss": [
    0.295669,
    0.049802,
    0.01898,
    0.018629,
    0.018758,
    0.015436,
    0.003304,
    0.002147,
    0.002497,
    0.001855,
    0.001993,
    0.001773,
    0.002207
  ],
  "train_acc": [
    0.9427,
    0.9943,
    0.9977,
    0.9977,
    0.9943,
    0.9954,
    1.0,
    1.0,
    1.0,
    1.0,
    1.0,
    1.0,
    1.0
  ],
  "val_loss": [
    1.635534,
    3.228881,
    3.330434,
    3.933449,
    3.444922,
    0.018446,
    0.035729,
    0.025323,
    0.024715,
    0.024271,
    0.024288,
    0.029197,
    0.028775
  ],
  "val_acc": [
    0.5,
    0.5,
    0.5,
    0.5,
    0.5,
    0.9947,
    0.9894,
    0.9947,
    0.9947,
    0.9947,
    0.9947,
    0.9947,
    0.9947
  ]
}