{
  "train_loss": [
    0.481124,
    0.431026,
    0.413579,
    0.402146,
    0.393765,
    0.385923,
    0.378104,
    0.359978,
    0.351839,
    0.345406,
    0.339302,
    0.33506,
    0.330192,
    0.326082,
    0.321918,
    0.316323,
    0.314457,
    0.309021,
    0.292995,
    0.289385,
    0.287438,
    0.284861,
    0.281355,
    0.27921,
    0.276723,
    0.27487,
    0.272442,
    0.262765,
    0.261419,
    0.259942
  ],
  "train_acc": [
    0.768,
    0.8016,
    0.8116,
    0.818,
    0.8215,
    0.8261,
    0.8298,
    0.8393,
    0.8441,
    0.8476,
    0.8507,
    0.8531,
    0.8555,
    0.8577,
    0.86,
    0.8629,
    0.8636,
    0.8661,
    0.8739,
    0.8764,
    0.8776,
    0.879,
    0.8803,
    0.8816,
    0.8826,
    0.8839,
    0.8847,
    0.8892,
    0.8903,
    0.8904
  ],
  "val_loss": [
    0.452416,
    0.479438,
    0.444119,
    0.504106,
    0.855271,
    0.653612,
    2.030642,
    0.448591,
    1.125557,
    0.398499,
    0.588113,
    0.51404,
    9.387252,
    0.385117,
    0.538831,
    1.719928,
    0.524183,
    0.469946,
    1.3315,
    0.381719,
    0.990963,
    0.357479,
    0.335449,
    0.426248,
    3.569465,
    0.432989,
    0.374226,
    0.605984,
    0.368779,
    0.352193
  ],
  "val_acc": [
    0.7868,
    0.7809,
    0.7529,
    0.7417,
    0.673,
    0.722,
    0.6324,
    0.7727,
    0.6953,
    0.8196,
    0.7598,
    0.7819,
    0.5693,
    0.8256,
    0.7496,
    0.6879,
    0.7849,
    0.7943,
    0.7296,
    0.8296,
    0.7414,
    0.8482,
    0.8584,
    0.8154,
    0.6742,
    0.8119,
    0.8374,
    0.7823,
    0.8518,
    0.8527
  ]
}