{
  "train_loss": [
    0.124725,
    0.091351,
    0.081331,
    0.075177,
    0.068634,
    0.063558,
    0.060072,
    0.055584,
    0.047683,
    0.044085,
    0.041467
  ],
  "train_acc": [
    0.9631,
    0.9726,
    0.9745,
    0.9761,
    0.9772,
    0.9784,
    0.9793,
    0.9801,
    0.9829,
    0.9846,
    0.9859
  ],
  "val_loss": [
    0.123198,
    0.106262,
    0.113682,
    0.079179,
    0.169505,
    0.589387,
    0.448509,
    0.652233,
    0.867492,
    1.308599,
    0.49494
  ],
  "val_acc": [
    0.9726,
    0.9705,
    0.9752,
    0.9766,
    0.9608,
    0.7049,
    0.9633,
    0.6355,
    0.6934,
    0.6388,
    0.8041
  ]
}