{
  "train_loss": [
    0.400503,
    0.293994,
    0.253715,
    0.222541,
    0.202674,
    0.185053,
    0.172442,
    0.16124,
    0.152544,
    0.142856,
    0.135929,
    0.128684,
    0.12381,
    0.11673,
    0.111268,
    0.107456,
    0.102672,
    0.098582,
    0.093757,
    0.091811,
    0.085773,
    0.084115,
    0.081376,
    0.05936,
    0.053591,
    0.05113
  ],
  "train_acc": [
    0.8201,
    0.8805,
    0.8968,
    0.9102,
    0.9184,
    0.9254,
    0.9307,
    0.9353,
    0.9388,
    0.9424,
    0.9457,
    0.9481,
    0.9504,
    0.9536,
    0.9554,
    0.957,
    0.959,
    0.9604,
    0.9622,
    0.9635,
    0.9659,
    0.9665,
    0.9675,
    0.9766,
    0.9789,
    0.9798
  ],
  "val_loss": [
    0.315246,
    0.265118,
    0.2289,
    0.201014,
    0.196572,
    0.178002,
    0.165528,
    0.171019,
    0.14831,
    0.158308,
    0.156291,
    0.135489,
    0.127303,
    0.147089,
    0.13449,
    0.124009,
    0.12806,
    0.126566,
    0.114229,
    0.122982,
    0.12479,
    0.120371,
    0.11956,
    0.114897,
    0.130311,
    0.129883
  ],
  "val_acc": [
    0.8696,
    0.8924,
    0.9068,
    0.9169,
    0.9199,
    0.9269,
    0.9322,
    0.9298,
    0.9406,
    0.9372,
    0.936,
    0.9466,
    0.9496,
    0.9413,
    0.9471,
    0.9518,
    0.9508,
    0.9524,
    0.9561,
    0.9514,
    0.9543,
    0.955,
    0.9555,
    0.9595,
    0.9561,
    0.96
  ]
}