{
  "train_loss": [
    0.086173,
    0.041672,
    0.032008,
    0.026406,
    0.022961,
    0.019873,
    0.017637,
    0.015683,
    0.014308,
    0.013176,
    0.012055,
    0.010995,
    0.009587,
    0.005958,
    0.004753,
    0.004407,
    0.004048,
    0.003674,
    0.00356,
    0.001815,
    0.001491,
    0.001391
  ],
  "train_acc": [
    0.9724,
    0.9864,
    0.9896,
    0.9911,
    0.9924,
    0.9934,
    0.9941,
    0.9947,
    0.9952,
    0.9956,
    0.9959,
    0.9963,
    0.9968,
    0.998,
    0.9985,
    0.9986,
    0.9986,
    0.9988,
    0.9988,
    0.9994,
    0.9996,
    0.9996
  ],
  "val_loss": [
    0.042167,
    0.030812,
    0.159624,
    0.059779,
    0.031628,
    0.017463,
    0.089188,
    0.027261,
    0.015252,
    0.015504,
    0.020806,
    0.080017,
    0.015469,
    0.031684,
    0.011261,
    0.018831,
    0.012101,
    0.012141,
    0.013708,
    0.011394,
    0.011713,
    0.013805
  ],
  "val_acc": [
    0.9854,
    0.9889,
    0.9433,
    0.9849,
    0.9883,
    0.9943,
    0.9673,
    0.9921,
    0.9949,
    0.9951,
    0.9937,
    0.9859,
    0.9946,
    0.993,
    0.9967,
    0.9953,
    0.9965,
    0.9969,
    0.9967,
    0.9972,
    0.9972,
    0.9966
  ]
}