{
  "train_loss": [
    0.604938,
    0.586143,
    0.569534,
    0.558547,
    0.548947,
    0.538497,
    0.528727,
    0.522226,
    0.515163,
    0.510419,
    0.507263,
    0.50355,
    0.499455,
    0.496076,
    0.494418,
    0.492265,
    0.489706,
    0.487172,
    0.485663,
    0.4832,
    0.481403,
    0.480018,
    0.477814,
    0.477367,
    0.475778,
    0.47441,
    0.472629,
    0.471731,
    0.470103,
    0.468848
  ],
  "train_acc": [
    0.6562,
    0.6743,
    0.6962,
    0.7076,
    0.7169,
    0.7261,
    0.734,
    0.7393,
    0.7444,
    0.7489,
    0.7511,
    0.7535,
    0.7563,
    0.7585,
    0.7599,
    0.7608,
    0.7636,
    0.7647,
    0.7654,
    0.7679,
    0.7694,
    0.7699,
    0.7714,
    0.7713,
    0.7727,
    0.7729,
    0.7746,
    0.7752,
    0.7762,
    0.7768
  ],
  "val_loss": [
    0.593999,
    0.572109,
    0.566788,
    0.548379,
    0.539365,
    0.52846,
    0.512982,
    0.503109,
    0.49972,
    0.499494,
    0.494586,
    0.4922,
    0.483798,
    0.480374,
    0.480015,
    0.476523,
    0.476025,
    0.474561,
    0.472261,
    0.46765,
    0.470348,
    0.463931,
    0.46062,
    0.462919,
    0.464798,
    0.456242,
    0.458334,
    0.463259,
    0.464748,
    0.46844
  ],
  "val_acc": [
    0.6634,
    0.6878,
    0.7027,
    0.716,
    0.7254,
    0.7337,
    0.7466,
    0.7519,
    0.7542,
    0.7537,
    0.7596,
    0.7603,
    0.7659,
    0.7681,
    0.7672,
    0.7704,
    0.7697,
    0.771,
    0.7739,
    0.7758,
    0.7747,
    0.7767,
    0.7804,
    0.7795,
    0.779,
    0.7839,
    0.7835,
    0.7804,
    0.7791,
    0.7812
  ]
}