{
  "train_loss": [
    0.181922,
    0.14976,
    0.142638,
    0.137788,
    0.132359,
    0.129804,
    0.12624,
    0.1236,
    0.121604,
    0.120335,
    0.117849,
    0.115638,
    0.114168,
    0.112939,
    0.110994,
    0.108791,
    0.106421,
    0.103627,
    0.102379,
    0.100941,
    0.098391,
    0.097441,
    0.095695,
    0.094508,
    0.093783,
    0.092276,
    0.091123,
    0.089865,
    0.088587,
    0.088778,
    0.087885,
    0.086425,
    0.086336,
    0.085125,
    0.084459,
    0.083296,
    0.08355,
    0.082588,
    0.081618,
    0.081604,
    0.081015,
    0.079528,
    0.079106,
    0.078953,
    0.078752,
    0.07813,
    0.078038,
    0.077119,
    0.076286,
    0.076553
  ],
  "train_acc": [
    0.9406,
    0.9525,
    0.955,
    0.9568,
    0.9589,
    0.9596,
    0.9612,
    0.9616,
    0.9625,
    0.963,
    0.9639,
    0.9645,
    0.965,
    0.9654,
    0.966,
    0.9666,
    0.9669,
    0.9671,
    0.9671,
    0.9675,
    0.9681,
    0.9681,
    0.9685,
    0.9687,
    0.9692,
    0.9694,
    0.9699,
    0.9699,
    0.9703,
    0.9705,
    0.9706,
    0.9709,
    0.9709,
    0.9713,
    0.9715,
    0.9721,
    0.9718,
    0.9721,
    0.9723,
    0.9721,
    0.9724,
    0.9729,
    0.973,
    0.9733,
    0.9733,
    0.9732,
    0.9733,
    0.9735,
    0.9738,
    0.9738
  ],
  "val_loss": [
    0.162984,
    0.13971,
    0.131036,
    0.124436,
    0.125191,
    0.120912,
    0.115996,
    0.113337,
    0.109245,
    0.106949,
    0.110818,
    0.102512,
    0.102738,
    0.101961,
    0.094732,
    0.095757,
    0.099988,
    0.091721,
    0.089809,
    0.092123,
    0.085581,
    0.085019,
    0.082752,
    0.081825,
    0.077835,
    0.083852,
    0.079536,
    0.077669,
    0.077722,
    0.083753,
    0.07534,
    0.076067,
    0.077283,
    0.077752,
    0.071663,
    0.073653,
    0.071567,
    0.070955,
    0.072501,
    0.075031,
    0.070838,
    0.069679,
    0.069681,
    0.070865,
    0.070745,
    0.068366,
    0.068655,
    0.069795,
    0.068733,
    0.067483
  ],
  "val_acc": [
    0.9454,
    0.9565,
    0.9596,
    0.961,
    0.9622,
    0.9622,
    0.9638,
    0.9652,
    0.966,
    0.9668,
    0.966,
    0.9686,
    0.9688,
    0.9684,
    0.9705,
    0.97,
    0.9703,
    0.9707,
    0.9703,
    0.9709,
    0.9716,
    0.9722,
    0.9723,
    0.973,
    0.9741,
    0.973,
    0.9731,
    0.9744,
    0.9736,
    0.973,
    0.9749,
    0.9743,
    0.9739,
    0.973,
    0.9755,
    0.9753,
    0.9755,
    0.9756,
    0.9747,
    0.9742,
    0.9758,
    0.9758,
    0.9761,
    0.9762,
    0.9758,
    0.9762,
    0.9764,
    0.9757,
    0.9767,
    0.9769
  ]
}