{
  "train_loss": [
    0.481507,
    0.428107,
    0.365131,
    0.305061,
    0.289129,
    0.280416,
    0.273048,
    0.265443,
    0.259205,
    0.254839,
    0.249425,
    0.232445,
    0.225655,
    0.222173,
    0.219109,
    0.21548,
    0.212433,
    0.209278,
    0.205862,
    0.204296,
    0.191319,
    0.187572,
    0.184179
  ],
  "train_acc": [
    0.7703,
    0.8047,
    0.8441,
    0.8774,
    0.8849,
    0.8883,
    0.8919,
    0.8946,
    0.8969,
    0.8988,
    0.9011,
    0.9082,
    0.9105,
    0.912,
    0.9137,
    0.9151,
    0.9159,
    0.9174,
    0.9184,
    0.9194,
    0.9245,
    0.9264,
    0.927
  ],
  "val_loss": [
    0.460235,
    0.422471,
    0.354982,
    0.290878,
    0.299489,
    0.279285,
    0.268369,
    0.520778,
    0.288242,
    0.392168,
    0.440793,
    0.249383,
    0.435614,
    0.249499,
    0.248197,
    0.242355,
    0.257951,
    0.249676,
    0.252724,
    0.252135,
    0.250635,
    0.25239,
    0.255173
  ],
  "val_acc": [
    0.7847,
    0.8075,
    0.851,
    0.8823,
    0.8796,
    0.8889,
    0.8933,
    0.8073,
    0.8867,
    0.8504,
    0.834,
    0.8989,
    0.8368,
    0.9028,
    0.9036,
    0.9053,
    0.9002,
    0.9052,
    0.902,
    0.9016,
    0.9077,
    0.9051,
    0.9071
  ]
}