{
  "train_loss": [
    0.108159,
    0.074707,
    0.065368,
    0.04853,
    0.039241,
    0.03512,
    0.032478,
    0.02976,
    0.027854,
    0.026172,
    0.02553,
    0.023561,
    0.022598,
    0.02193,
    0.020461,
    0.019631,
    0.01841,
    0.017868,
    0.017187,
    0.01629,
    0.012039,
    0.011308,
    0.010708,
    0.010215,
    0.009427,
    0.009163,
    0.008967,
    0.00654,
    0.006081,
    0.005724,
    0.005635,
    0.005393,
    0.005074,
    0.004976,
    0.00475,
    0.003634,
    0.003816,
    0.003449
  ],
  "train_acc": [
    0.9656,
    0.9751,
    0.9777,
    0.9839,
    0.9872,
    0.9884,
    0.9896,
    0.9904,
    0.9911,
    0.9917,
    0.9918,
    0.9928,
    0.9928,
    0.993,
    0.9934,
    0.9937,
    0.9942,
    0.9945,
    0.9945,
    0.9949,
    0.9962,
    0.9965,
    0.9967,
    0.9969,
    0.997,
    0.9971,
    0.9971,
    0.9981,
    0.9982,
    0.9982,
    0.9983,
    0.9984,
    0.9985,
    0.9985,
    0.9986,
    0.999,
    0.9988,
    0.999
  ],
  "val_loss": [
    0.075472,
    0.067861,
    0.096981,
    0.083249,
    0.167386,
    0.061414,
    0.059488,
    0.232281,
    0.120029,
    0.041604,
    0.084875,
    0.025124,
    0.193338,
    0.02914,
    0.125236,
    0.022714,
    0.108421,
    0.05638,
    0.027618,
    0.119465,
    0.025532,
    0.018116,
    0.016163,
    0.023964,
    0.025879,
    0.061677,
    0.053999,
    0.349776,
    0.015589,
    0.014846,
    0.014332,
    0.014791,
    0.017509,
    0.031178,
    0.023109,
    0.025288,
    0.016577,
    0.015304
  ],
  "val_acc": [
    0.9771,
    0.9789,
    0.9708,
    0.9787,
    0.9767,
    0.981,
    0.9775,
    0.9781,
    0.9777,
    0.9884,
    0.9834,
    0.9924,
    0.9806,
    0.9912,
    0.9827,
    0.993,
    0.9825,
    0.9835,
    0.9919,
    0.9819,
    0.9917,
    0.9948,
    0.9948,
    0.9932,
    0.9926,
    0.9838,
    0.9834,
    0.985,
    0.9956,
    0.996,
    0.9957,
    0.9958,
    0.9954,
    0.9942,
    0.995,
    0.9952,
    0.9957,
    0.9963
  ]
}