{
  "train_loss": [
    0.099524,
    0.069053,
    0.060808,
    0.052044,
    0.043607,
    0.038877,
    0.036091,
    0.028217,
    0.026763,
    0.024971
  ],
  "train_acc": [
    0.9696,
    0.9772,
    0.9792,
    0.9817,
    0.9853,
    0.987,
    0.9882,
    0.9913,
    0.9916,
    0.9921
  ],
  "val_loss": [
    0.076511,
    0.076657,
    0.048182,
    0.417856,
    0.060585,
    0.121828,
    1.087573,
    0.049766,
    0.066192,
    0.163934
  ],
  "val_acc": [
    0.9749,
    0.9754,
    0.9817,
    0.8051,
    0.9729,
    0.9458,
    0.7465,
    0.9848,
    0.9748,
    0.9815
  ]
}