{
  "train_loss": [
    0.075816,
    0.037899,
    0.028867,
    0.023141,
    0.019359,
    0.017159,
    0.015484,
    0.013845,
    0.012377,
    0.011128,
    0.01033,
    0.009338,
    0.008546,
    0.008033,
    0.007792,
    0.004185,
    0.003348,
    0.003141,
    0.002698,
    0.002705,
    0.001326,
    0.001066,
    0.001073
  ],
  "train_acc": [
    0.9757,
    0.9874,
    0.9902,
    0.9922,
    0.9935,
    0.9942,
    0.9949,
    0.9953,
    0.996,
    0.9962,
    0.9966,
    0.9969,
    0.9972,
    0.9973,
    0.9975,
    0.9987,
    0.9989,
    0.999,
    0.9991,
    0.9991,
    0.9996,
    0.9997,
    0.9996
  ],
  "val_loss": [
    0.038333,
    0.02685,
    0.02482,
    0.021845,
    0.016494,
    0.01662,
    0.015126,
    0.016415,
    0.013774,
    0.014823,
    0.011473,
    0.012703,
    0.014554,
    0.014673,
    0.012943,
    0.009685,
    0.012715,
    0.010528,
    0.01144,
    0.013767,
    0.010447,
    0.012746,
    0.012574
  ],
  "val_acc": [
    0.9863,
    0.9914,
    0.9909,
    0.9923,
    0.9946,
    0.9944,
    0.9948,
    0.9948,
    0.9955,
    0.9951,
    0.9962,
    0.9958,
    0.9952,
    0.9955,
    0.9961,
    0.9972,
    0.9964,
    0.9971,
    0.997,
    0.9964,
    0.9976,
    0.9971,
    0.9973
  ]
}