{
  "train_loss": [
    0.169358,
    0.126266,
    0.118715,
    0.112785,
    0.106399,
    0.100671,
    0.097856,
    0.095316,
    0.093753,
    0.092033,
    0.091398,
    0.089466,
    0.088205,
    0.086723,
    0.085382,
    0.084492,
    0.083538,
    0.082098,
    0.082186,
    0.080805,
    0.079983,
    0.079511,
    0.078901,
    0.078084,
    0.077415,
    0.076549,
    0.075745,
    0.075367,
    0.074906,
    0.074491,
    0.073604,
    0.07341,
    0.073389,
    0.06908,
    0.067848,
    0.067024,
    0.066919,
    0.06682,
    0.066489,
    0.066549,
    0.06588,
    0.065276,
    0.064789,
    0.065172,
    0.064897,
    0.064488,
    0.064441,
    0.064026,
    0.062121,
    0.061578
  ],
  "train_acc": [
    0.9473,
    0.9608,
    0.9634,
    0.9649,
    0.9663,
    0.9672,
    0.9678,
    0.9683,
    0.9685,
    0.9691,
    0.9693,
    0.9696,
    0.9697,
    0.9705,
    0.9706,
    0.9711,
    0.9713,
    0.9717,
    0.9717,
    0.972,
    0.9724,
    0.9726,
    0.9727,
    0.973,
    0.973,
    0.9734,
    0.9736,
    0.9737,
    0.974,
    0.974,
    0.9742,
    0.9744,
    0.9744,
    0.9757,
    0.976,
    0.9763,
    0.9762,
    0.9763,
    0.9766,
    0.9763,
    0.9767,
    0.9768,
    0.9772,
    0.9769,
    0.9767,
    0.9771,
    0.9768,
    0.9774,
    0.9776,
    0.9778
  ],
  "val_loss": [
    0.127189,
    0.106974,
    0.105928,
    0.096044,
    0.088092,
    0.089519,
    0.081609,
    0.082511,
    0.081009,
    0.07853,
    0.079069,
    0.081659,
    0.07593,
    0.075926,
    0.075696,
    0.074782,
    0.077802,
    0.075232,
    0.075427,
    0.071931,
    0.072626,
    0.069406,
    0.070752,
    0.070643,
    0.077162,
    0.068056,
    0.067567,
    0.067293,
    0.066001,
    0.067473,
    0.066483,
    0.069492,
    0.075072,
    0.064604,
    0.062279,
    0.062177,
    0.062237,
    0.063009,
    0.0614,
    0.060915,
    0.062031,
    0.060648,
    0.06155,
    0.060399,
    0.063126,
    0.062317,
    0.061123,
    0.061494,
    0.060744,
    0.061949
  ],
  "val_acc": [
    0.9595,
    0.9669,
    0.9673,
    0.9699,
    0.9714,
    0.9713,
    0.9723,
    0.9726,
    0.9726,
    0.9733,
    0.9727,
    0.9726,
    0.9737,
    0.9735,
    0.9744,
    0.9741,
    0.9742,
    0.9746,
    0.975,
    0.9755,
    0.9749,
    0.9762,
    0.9761,
    0.9762,
    0.975,
    0.9759,
    0.9764,
    0.9767,
    0.9772,
    0.9768,
    0.9776,
    0.977,
    0.9738,
    0.9781,
    0.9785,
    0.9787,
    0.9786,
    0.9783,
    0.9789,
    0.9791,
    0.9783,
    0.9791,
    0.9785,
    0.9791,
    0.9784,
    0.9786,
    0.979,
    0.9789,
    0.9793,
    0.9794
  ]
}