{
  "train_loss": [
    0.095216,
    0.057396,
    0.043768,
    0.038755,
    0.034738,
    0.033259,
    0.031046,
    0.027701,
    0.025649,
    0.02403,
    0.022586,
    0.021483,
    0.020687,
    0.018961,
    0.018227,
    0.013385,
    0.012621,
    0.012034,
    0.011322,
    0.010584,
    0.010276,
    0.007601,
    0.007152,
    0.006875
  ],
  "train_acc": [
    0.9693,
    0.9805,
    0.9859,
    0.9874,
    0.9886,
    0.9892,
    0.9898,
    0.991,
    0.9916,
    0.9921,
    0.9924,
    0.9931,
    0.9933,
    0.9937,
    0.9941,
    0.9957,
    0.996,
    0.9962,
    0.9964,
    0.9967,
    0.9967,
    0.9976,
    0.9978,
    0.9979
  ],
  "val_loss": [
    0.124427,
    0.164064,
    0.101869,
    0.044957,
    0.266111,
    0.057086,
    0.036586,
    0.035583,
    0.049236,
    0.041449,
    0.025134,
    0.149758,
    0.131263,
    0.180106,
    0.230049,
    0.077748,
    0.015518,
    0.025589,
    0.030442,
    0.023474,
    0.01571,
    0.023815,
    0.043778,
    0.019224
  ],
  "val_acc": [
    0.9769,
    0.9277,
    0.9553,
    0.9844,
    0.924,
    0.9844,
    0.9886,
    0.9873,
    0.9836,
    0.9844,
    0.9923,
    0.9844,
    0.9855,
    0.9852,
    0.9845,
    0.9863,
    0.9953,
    0.9935,
    0.9895,
    0.994,
    0.9954,
    0.994,
    0.9827,
    0.9949
  ]
}