{
  "train_loss": [
    0.0991,
    0.068995,
    0.061374,
    0.05201,
    0.042967,
    0.037342,
    0.033784,
    0.031015,
    0.025059,
    0.023574,
    0.022157
  ],
  "train_acc": [
    0.9698,
    0.9773,
    0.979,
    0.9818,
    0.9858,
    0.988,
    0.9893,
    0.9904,
    0.9921,
    0.9927,
    0.9929
  ],
  "val_loss": [
    0.070845,
    0.074013,
    0.095064,
    0.045129,
    0.064559,
    0.088742,
    0.42439,
    2.098051,
    0.64027,
    0.689659,
    0.323235
  ],
  "val_acc": [
    0.9762,
    0.9787,
    0.9393,
    0.9868,
    0.9674,
    0.9816,
    0.877,
    0.7392,
    0.8424,
    0.8549,
    0.9143
  ]
}