{
  "train_loss": [
    0.077285,
    0.041198,
    0.031445,
    0.023636,
    0.019796,
    0.01743,
    0.015178,
    0.013805,
    0.012265,
    0.011104,
    0.010201,
    0.009415,
    0.008466,
    0.007926,
    0.007475,
    0.006638,
    0.006716,
    0.005733,
    0.00292,
    0.00252,
    0.002208
  ],
  "train_acc": [
    0.9755,
    0.9867,
    0.9896,
    0.9919,
    0.9934,
    0.994,
    0.995,
    0.9953,
    0.9959,
    0.9964,
    0.9966,
    0.9968,
    0.9971,
    0.9973,
    0.9976,
    0.9978,
    0.9978,
    0.998,
    0.9991,
    0.9992,
    0.9993
  ],
  "val_loss": [
    0.037842,
    0.031286,
    0.02315,
    0.020415,
    0.018673,
    0.015371,
    0.014636,
    0.017226,
    0.014009,
    0.012451,
    0.012579,
    0.014471,
    0.011194,
    0.01011,
    0.010236,
    0.012079,
    0.011718,
    0.011529,
    0.01098,
    0.01024,
    0.010828
  ],
  "val_acc": [
    0.9875,
    0.9892,
    0.9918,
    0.9932,
    0.9931,
    0.9945,
    0.9949,
    0.994,
    0.9951,
    0.996,
    0.9961,
    0.9953,
    0.9962,
    0.9966,
    0.9968,
    0.996,
    0.9964,
    0.9964,
    0.9971,
    0.9973,
    0.9974
  ]
}