{
  "train_loss": [
    0.168049,
    0.127269,
    0.120262,
    0.113447,
    0.108344,
    0.104292,
    0.10125,
    0.0986,
    0.096858,
    0.094964,
    0.093224,
    0.09203,
    0.090998,
    0.089554,
    0.088036,
    0.087175,
    0.085849,
    0.085217,
    0.084491,
    0.082769,
    0.081599,
    0.081166,
    0.080136,
    0.078729,
    0.078417,
    0.077436,
    0.07604,
    0.07619,
    0.074685,
    0.074691,
    0.074164,
    0.073306,
    0.07254,
    0.07231,
    0.071607,
    0.071289,
    0.070282,
    0.070164,
    0.065418,
    0.064071,
    0.061249,
    0.058893,
    0.057059,
    0.055558,
    0.054532,
    0.05365,
    0.050523,
    0.0501,
    0.049763,
    0.04969
  ],
  "train_acc": [
    0.9485,
    0.9606,
    0.9624,
    0.9644,
    0.9657,
    0.9661,
    0.9672,
    0.9676,
    0.9684,
    0.969,
    0.9694,
    0.9699,
    0.97,
    0.9702,
    0.9705,
    0.9709,
    0.9712,
    0.9716,
    0.9716,
    0.972,
    0.9723,
    0.9721,
    0.9725,
    0.9728,
    0.9727,
    0.9731,
    0.9736,
    0.9736,
    0.9741,
    0.9737,
    0.9739,
    0.9739,
    0.974,
    0.9747,
    0.9747,
    0.9749,
    0.9751,
    0.9748,
    0.9761,
    0.976,
    0.9771,
    0.9789,
    0.9796,
    0.9807,
    0.9813,
    0.9815,
    0.9829,
    0.9831,
    0.983,
    0.9831
  ],
  "val_loss": [
    0.119387,
    0.113928,
    0.10254,
    0.099995,
    0.099116,
    0.10021,
    0.094774,
    0.093523,
    0.085603,
    0.08301,
    0.084668,
    0.089501,
    0.079093,
    0.076865,
    0.075352,
    0.07434,
    0.072618,
    0.07306,
    0.074007,
    0.073459,
    0.070704,
    0.069848,
    0.068839,
    0.066435,
    0.069883,
    0.065166,
    0.065614,
    0.063525,
    0.065727,
    0.06218,
    0.062644,
    0.064495,
    0.062842,
    0.059575,
    0.062507,
    0.062067,
    0.061597,
    0.059868,
    0.056881,
    0.053863,
    0.051821,
    0.046101,
    0.049757,
    0.048607,
    0.047006,
    0.047855,
    0.042537,
    0.043264,
    0.04239,
    0.042127
  ],
  "val_acc": [
    0.9634,
    0.9661,
    0.9684,
    0.9686,
    0.9697,
    0.9707,
    0.9698,
    0.9693,
    0.9709,
    0.9726,
    0.9727,
    0.9726,
    0.9736,
    0.9738,
    0.9745,
    0.9747,
    0.975,
    0.9748,
    0.975,
    0.9747,
    0.9758,
    0.9753,
    0.9764,
    0.9759,
    0.9756,
    0.9774,
    0.9769,
    0.9774,
    0.9775,
    0.9777,
    0.9781,
    0.9779,
    0.9777,
    0.9789,
    0.9773,
    0.9783,
    0.9781,
    0.9781,
    0.9792,
    0.9786,
    0.984,
    0.9842,
    0.982,
    0.9851,
    0.9832,
    0.9829,
    0.9856,
    0.9856,
    0.9857,
    0.9857
  ]
}