{
  "train_loss": [
    0.096985,
    0.058073,
    0.044498,
    0.038487,
    0.03572,
    0.032118,
    0.02437,
    0.022648,
    0.020796,
    0.019373,
    0.018738,
    0.014896,
    0.0137,
    0.013055,
    0.01256,
    0.012163,
    0.009938,
    0.009565,
    0.009074,
    0.008781,
    0.008369,
    0.007262,
    0.007068,
    0.006926,
    0.006518,
    0.00666,
    0.006329,
    0.005917,
    0.005968,
    0.005331,
    0.005382,
    0.005069,
    0.005069,
    0.005129,
    0.004963,
    0.004671,
    0.004522,
    0.004554
  ],
  "train_acc": [
    0.9684,
    0.9805,
    0.9854,
    0.9873,
    0.9884,
    0.9893,
    0.992,
    0.9926,
    0.9932,
    0.9936,
    0.9939,
    0.9951,
    0.9956,
    0.9957,
    0.9958,
    0.9961,
    0.9968,
    0.997,
    0.9971,
    0.9972,
    0.9973,
    0.9977,
    0.9978,
    0.9979,
    0.998,
    0.9979,
    0.9981,
    0.9982,
    0.9982,
    0.9984,
    0.9984,
    0.9985,
    0.9984,
    0.9985,
    0.9986,
    0.9986,
    0.9987,
    0.9986
  ],
  "val_loss": [
    0.086266,
    0.041238,
    0.292219,
    0.337548,
    0.894276,
    0.087442,
    0.026162,
    0.037771,
    0.19368,
    0.107872,
    0.02997,
    0.016284,
    0.113989,
    0.019647,
    0.076667,
    0.01847,
    0.015285,
    0.082757,
    0.015949,
    0.038371,
    0.023476,
    0.014288,
    0.013979,
    0.014298,
    0.013935,
    0.014339,
    0.015572,
    0.014068,
    0.014147,
    0.013726,
    0.01361,
    0.014057,
    0.016905,
    0.019081,
    0.014235,
    0.013966,
    0.014011,
    0.013765
  ],
  "val_acc": [
    0.9786,
    0.9867,
    0.9225,
    0.9097,
    0.8465,
    0.9822,
    0.9916,
    0.9863,
    0.9502,
    0.9857,
    0.9912,
    0.995,
    0.9866,
    0.9939,
    0.971,
    0.9941,
    0.9952,
    0.9882,
    0.9954,
    0.9853,
    0.992,
    0.9957,
    0.9959,
    0.996,
    0.996,
    0.996,
    0.9955,
    0.9961,
    0.9959,
    0.9961,
    0.9962,
    0.9961,
    0.9949,
    0.9944,
    0.9963,
    0.9962,
    0.9963,
    0.9962
  ]
}