{
  "train_loss": [
    0.292433,
    0.058639,
    0.019787,
    0.015182,
    0.00935,
    0.003391,
    0.00355,
    0.006284,
    0.001775,
    0.00217,
    0.002334,
    0.001369,
    0.001202,
    0.001178,
    0.001047,
    0.001021,
    0.000805,
    0.000748
  ],
  "train_acc": [
    0.9346,
    0.9897,
    0.9977,
    0.9943,
    0.9977,
    1.0,
    0.9989,
    0.9989,
    1.0,
    1.0,
    1.0,
    1.0,
    1.0,
    1.0,
    1.0,
    1.0,
    1.0,
    1.0
  ],
  "val_loss": [
    1.281587,
    2.416548,
    3.095919,
    4.148803,
    2.38479,
    0.011326,
    0.014467,
    0.034348,
    0.035183,
    0.018529,
    0.006732,
    0.025471,
    0.026447,
    0.027251,
    0.022321,
    0.023104,
    0.022513,
    0.023537
  ],
  "val_acc": [
    0.5,
    0.5,
    0.5,
    0.5,
    0.5,
    0.9947,
    0.9947,
    0.9947,
    0.9947,
    0.9947,
    1.0,
    0.9947,
    0.9947,
    0.9947,
    0.9947,
    0.9947,
    0.9947,
    0.9947
  ]
}