{
  "train_loss": [
    0.253722,
    0.086176,
    0.047577,
    0.031241,
    0.025674,
    0.017145,
    0.016762,
    0.015077,
    0.012471,
    0.009912,
    0.011272,
    0.011418,
    0.009425,
    0.007025,
    0.006325,
    0.008094,
    0.006653,
    0.006156,
    0.006145,
    0.004592,
    0.004394,
    0.005555,
    0.005097,
    0.004536,
    0.004255,
    0.0045,
    0.003894
  ],
  "train_acc": [
    0.9197,
    0.992,
    0.9966,
    1.0,
    0.9989,
    1.0,
    1.0,
    1.0,
    1.0,
    1.0,
    0.9989,
    0.9989,
    1.0,
    1.0,
    1.0,
    0.9989,
    1.0,
    1.0,
    1.0,
    1.0,
    1.0,
    1.0,
    1.0,
    1.0,
    1.0,
    1.0,
    1.0
  ],
  "val_loss": [
    0.829875,
    1.322564,
    1.709879,
    1.860559,
    1.340754,
    0.04019,
    0.03814,
    0.035422,
    0.029778,
    0.028548,
    0.032759,
    0.019832,
    0.131518,
    0.027174,
    0.030546,
    0.036478,
    0.022661,
    0.018394,
    0.018355,
    0.017595,
    0.019684,
    0.0208,
    0.022289,
    0.024674,
    0.02476,
    0.026081,
    0.02528
  ],
  "val_acc": [
    0.5,
    0.5,
    0.5,
    0.5,
    0.5,
    0.9947,
    0.9947,
    0.9947,
    0.9947,
    0.9947,
    0.9947,
    0.9947,
    0.9468,
    0.9947,
    0.9947,
    0.9947,
    0.9947,
    0.9947,
    0.9947,
    0.9947,
    0.9947,
    0.9947,
    0.9947,
    0.9947,
    0.9947,
    0.9947,
    0.9947
  ]
}