{
  "train_loss": [
    0.693737,
    0.692806,
    0.682484,
    0.703906,
    0.693025,
    0.688655,
    0.680944,
    0.648419,
    0.641669,
    0.63263,
    0.630619,
    0.614876,
    0.604948,
    0.623749,
    0.624987,
    0.620819,
    0.617358,
    0.610211,
    0.603409,
    0.595091,
    0.599536,
    0.584382,
    0.573941,
    0.574214,
    0.598703,
    0.587518,
    0.585682,
    0.563675,
    0.567576,
    0.563484,
    0.566107,
    0.571319,
    0.559531,
    0.556587,
    0.550414,
    0.548278,
    0.552591,
    0.538207,
    0.523918,
    0.509308,
    0.491975,
    0.46934,
    0.466314,
    0.478274,
    0.464506,
    0.443116,
    0.449506,
    0.454348,
    0.423461,
    0.423264
  ],
  "train_acc": [
    0.5057,
    0.4748,
    0.6055,
    0.5424,
    0.5103,
    0.5229,
    0.5837,
    0.6112,
    0.6112,
    0.6009,
    0.6135,
    0.6147,
    0.6319,
    0.617,
    0.6032,
    0.6124,
    0.6044,
    0.6135,
    0.6284,
    0.6365,
    0.6468,
    0.6502,
    0.6617,
    0.6628,
    0.6296,
    0.6594,
    0.6468,
    0.6755,
    0.6663,
    0.6674,
    0.6686,
    0.6651,
    0.6697,
    0.6755,
    0.6766,
    0.6755,
    0.6686,
    0.68,
    0.6755,
    0.6812,
    0.6812,
    0.6823,
    0.711,
    0.797,
    0.8211,
    0.8429,
    0.8429,
    0.8268,
    0.8727,
    0.8567
  ],
  "val_loss": [
    0.692966,
    0.690356,
    0.671321,
    0.697079,
    0.688855,
    0.682198,
    0.657512,
    0.616501,
    0.609079,
    0.617904,
    0.600794,
    0.589855,
    0.607529,
    0.596707,
    0.591962,
    0.596898,
    0.590426,
    0.583476,
    0.578745,
    0.577649,
    0.569617,
    0.571829,
    0.569817,
    0.566596,
    0.569387,
    0.575267,
    0.556494,
    0.557261,
    0.565479,
    0.558274,
    0.587507,
    0.548858,
    0.54411,
    0.544817,
    0.557471,
    0.557853,
    0.535199,
    0.567114,
    0.528245,
    0.536234,
    0.525155,
    0.525873,
    0.486497,
    0.495355,
    0.472687,
    0.472026,
    0.450615,
    0.473781,
    0.456435,
    0.425176
  ],
  "val_acc": [
    0.5,
    0.5053,
    0.6011,
    0.5106,
    0.5479,
    0.6064,
    0.6277,
    0.617,
    0.6223,
    0.6436,
    0.6543,
    0.6383,
    0.6383,
    0.633,
    0.6436,
    0.633,
    0.6383,
    0.6436,
    0.6543,
    0.6543,
    0.6596,
    0.6489,
    0.6649,
    0.6649,
    0.6649,
    0.6543,
    0.6702,
    0.6755,
    0.6862,
    0.6702,
    0.6702,
    0.6809,
    0.6862,
    0.6809,
    0.6649,
    0.6755,
    0.6755,
    0.6436,
    0.6596,
    0.6543,
    0.6489,
    0.6489,
    0.7713,
    0.8298,
    0.8404,
    0.867,
    0.8564,
    0.8723,
    0.8777,
    0.8723
  ]
}