{
  "train_loss": [
    0.308217,
    0.049591,
    0.014026,
    0.005614,
    0.007499,
    0.003358,
    0.002136,
    0.003204,
    0.001888,
    0.004347,
    0.001002,
    0.001414,
    0.002316,
    0.003496,
    0.019728,
    0.005809,
    0.012592,
    0.002426
  ],
  "train_acc": [
    0.9404,
    0.9931,
    0.9977,
    0.9989,
    0.9989,
    0.9989,
    1.0,
    0.9989,
    1.0,
    1.0,
    1.0,
    1.0,
    1.0,
    0.9989,
    0.9954,
    0.9989,
    0.9966,
    1.0
  ],
  "val_loss": [
    1.701415,
    3.287273,
    3.79923,
    3.92797,
    2.661817,
    0.026367,
    0.024995,
    0.029853,
    0.041642,
    0.029056,
    0.024313,
    0.06409,
    0.040466,
    0.037569,
    2.422928,
    0.033479,
    0.042703,
    0.033544
  ],
  "val_acc": [
    0.5,
    0.5,
    0.5,
    0.5,
    0.5,
    0.9947,
    0.9947,
    0.9947,
    0.9947,
    0.9947,
    0.9947,
    0.9947,
    0.9947,
    0.9947,
    0.5,
    0.9947,
    0.9947,
    0.9947
  ]
}